OBJECTID,Shape,FOD_ID,FPA_ID,SOURCE_SYSTEM_TYPE,SOURCE_SYSTEM,NWCG_REPORTING_AGENCY,NWCG_REPORTING_UNIT_ID,NWCG_REPORTING_UNIT_NAME,SOURCE_REPORTING_UNIT,SOURCE_REPORTING_UNIT_NAME,LOCAL_FIRE_REPORT_ID,LOCAL_INCIDENT_ID,FIRE_CODE,FIRE_NAME,ICS_209_PLUS_INCIDENT_JOIN_ID,ICS_209_PLUS_COMPLEX_JOIN_ID,MTBS_ID,MTBS_FIRE_NAME,COMPLEX_NAME,FIRE_YEAR,DISCOVERY_DATE,DISCOVERY_DOY,DISCOVERY_TIME,NWCG_CAUSE_CLASSIFICATION,NWCG_GENERAL_CAUSE,NWCG_CAUSE_AGE_CATEGORY,CONT_DATE,CONT_DOY,CONT_TIME,FIRE_SIZE,FIRE_SIZE_CLASS,LATITUDE,LONGITUDE,OWNER_DESCR,STATE,COUNTY,FIPS_CODE,FIPS_NAME,DURATION_HOURS,Precipitation_In_Month,Avg_Temp_In_Month
1,b'\x00\x01\xad\x10\x00\x00\xc8\xce\n[_@^\xc0\xe8C|l\xba\x04D@\xc8\xce\n[_@^\xc0\xe8C|l\xba\x04D@|\x01\x00\x00\x00\xc8\xce\n[_@^\xc0\xe8C|l\xba\x04D@\xfe',1,FS-1418826,FED,FS-FIRESTAT,FS,USCAPNF,Plumas National Forest,511,Plumas National Forest,1,PNF-47,BJ8K,FOUNTAIN,,,,,,2005,2005-02-02,33,1300,Human,Power generation/transmission/distribution,,2/2/2005,33,1730,0.1,A,40.03694444,-121.0058333,USFS,CA,63,6063,Plumas County,4.5,3.69,45.6
2,b'\x00\x01\xad\x10\x00\x00\xc8\xe594\xe2\x19^\xc0\xa0\xe4\xc51nwC@\xc8\xe594\xe2\x19^\xc0\xa0\xe4\xc51nwC@|\x01\x00\x00\x00\xc8\xe594\xe2\x19^\xc0\xa0\xe4\xc51nwC@\xfe',2,FS-1418827,FED,FS-FIRESTAT,FS,USCAENF,Eldorado National Forest,503,Eldorado National Forest,13,13,AAC0,PIGEON,,,,,,2004,2004-05-12,133,845,Natural,Natural,,5/12/2004,133,1530,0.25,A,38.93305556,-120.4044444,USFS,CA,61,6061,Placer County,6.75,0.08,60.2
3,b'\x00\x01\xad\x10\x00\x00x{\xac \x13/^\xc0@\xf2\x03\x01\xf9}C@x{\xac \x13/^\xc0@\xf2\x03\x01\xf9}C@|\x01\x00\x00\x00x{\xac \x13/^\xc0@\xf2\x03\x01\xf9}C@\xfe',3,FS-1418835,FED,FS-FIRESTAT,FS,USCAENF,Eldorado National Forest,503,Eldorado National Forest,27,21,A32W,SLACK,,,,,,2004,2004-05-31,152,1921,Human,Debris and open burning,,5/31/2004,152,2024,0.1,A,38.98416667,-120.7355556,STATE OR PRIVATE,CA,17,6017,El Dorado County,1.05,0.08,60.2
4,b'\x00\x01\xad\x10\x00\x00\xc8\x13u\xd7s\xfa]\xc0\xf8\xdbg\x9a\x92GC@\xc8\x13u\xd7s\xfa]\xc0\xf8\xdbg\x9a\x92GC@|\x01\x00\x00\x00\xc8\x13u\xd7s\xfa]\xc0\xf8\xdbg\x9a\x92GC@\xfe',4,FS-1418845,FED,FS-FIRESTAT,FS,USCAENF,Eldorado National Forest,503,Eldorado National Forest,43,6,,DEER,,,,,,2004,2004-06-28,180,1600,Natural,Natural,,7/3/2004,185,1400,0.1,A,38.55916667,-119.9133333,USFS,CA,3,6003,Alpine County,118,0.06,66.8
5,b'\x00\x01\xad\x10\x00\x00\xd0\x11y\xf8\xb6\xfb]\xc0\xb8\x01j\x9a\x92GC@\xd0\x11y\xf8\xb6\xfb]\xc0\xb8\x01j\x9a\x92GC@|\x01\x00\x00\x00\xd0\x11y\xf8\xb6\xfb]\xc0\xb8\x01j\x9a\x92GC@\xfe',5,FS-1418847,FED,FS-FIRESTAT,FS,USCAENF,Eldorado National Forest,503,Eldorado National Forest,44,7,,STEVENOT,,,,,,2004,2004-06-28,180,1600,Natural,Natural,,7/3/2004,185,1200,0.1,A,38.55916667,-119.9330556,USFS,CA,3,6003,Alpine County,116,0.06,66.8
6,b'\x00\x01\xad\x10\x00\x00\x04\xb1$Z\xa1\x06^\xc08\x0c\xbb\x9cPQC@\x04\xb1$Z\xa1\x06^\xc08\x0c\xbb\x9cPQC@|\x01\x00\x00\x00\x04\xb1$Z\xa1\x06^\xc08\x0c\xbb\x9cPQC@\xfe',6,FS-1418849,FED,FS-FIRESTAT,FS,USCAENF,Eldorado National Forest,503,Eldorado National Forest,54,8,,HIDDEN,,,,,,2004,2004-06-30,182,1800,Natural,Natural,,7/1/2004,183,1600,0.1,A,38.63527778,-120.1036111,USFS,CA,5,6005,Amador County,22,0.06,66.8
7,"b'\x00\x01\xad\x10\x00\x00\xf0\xda0\x00\xd0\t^\xc0\x00\xf6\xee""\x1bXC@\xf0\xda0\x00\xd0\t^\xc0\x00\xf6\xee""\x1bXC@|\x01\x00\x00\x00\xf0\xda0\x00\xd0\t^\xc0\x00\xf6\xee""\x1bXC@\xfe'",7,FS-1418851,FED,FS-FIRESTAT,FS,USCAENF,Eldorado National Forest,503,Eldorado National Forest,58,9,,FORK,,,,,,2004,2004-07-01,183,1800,Natural,Natural,,7/2/2004,184,1400,0.1,A,38.68833333,-120.1533333,USFS,CA,17,6017,El Dorado County,20,0.19,73.2
8,b'\x00\x01\xad\x10\x00\x00\xace\xb3\x9c\xc4\x9b^\xc00\xde\x11\x13\xe9{D@\xace\xb3\x9c\xc4\x9b^\xc00\xde\x11\x13\xe9{D@|\x01\x00\x00\x00\xace\xb3\x9c\xc4\x9b^\xc00\xde\x11\x13\xe9{D@\xfe',8,FS-1418854,FED,FS-FIRESTAT,FS,USCASHF,Shasta-Trinity National Forest,514,Shasta-Trinity National Forest,3,2,BK5X,SLATE,,,,,,2005,2005-03-08,67,1300,Human,Debris and open burning,,3/8/2005,67,1600,0.8,B,40.96805556,-122.4338889,STATE OR PRIVATE,CA,,,,3,1.79,49.1
9,"b'\x00\x01\xad\x10\x00\x00,\x89\xd7\xe8!\x92^\xc0\xc0h6\xcc\xe6\x9dD@,\x89\xd7\xe8!\x92^\xc0\xc0h6\xcc\xe6\x9dD@|\x01\x00\x00\x00,\x89\xd7\xe8!\x92^\xc0\xc0h6\xcc\xe6\x9dD@\xfe'",9,FS-1418856,FED,FS-FIRESTAT,FS,USCASHF,Shasta-Trinity National Forest,514,Shasta-Trinity National Forest,5,3,BLPQ,SHASTA,,,,,,2005,2005-03-15,74,1200,Human,Debris and open burning,,3/15/2005,74,1700,1,B,41.23361111,-122.2833333,STATE OR PRIVATE,CA,,,,5,1.79,49.1
10,b'\x00\x01\xad\x10\x00\x00\xfc\x12\x07\xbc\x8b\t^\xc0\xc0\x02\xea\x9d/FC@\xfc\x12\x07\xbc\x8b\t^\xc0\xc0\x02\xea\x9d/FC@|\x01\x00\x00\x00\xfc\x12\x07\xbc\x8b\t^\xc0\xc0\x02\xea\x9d/FC@\xfe',10,FS-1418859,FED,FS-FIRESTAT,FS,USCAENF,Eldorado National Forest,503,Eldorado National Forest,61,10,,TANGLEFOOT,,,,,,2004,2004-07-01,183,1800,Natural,Natural,,7/2/2004,184,1800,0.1,A,38.54833333,-120.1491667,USFS,CA,5,6005,Amador County,24,0.19,73.2
11,b'\x00\x01\xad\x10\x00\x00\x14\x1c!\xad8\n^\xc0\xa8\x1a\x04]\x88XC@\x14\x1c!\xad8\n^\xc0\xa8\x1a\x04]\x88XC@|\x01\x00\x00\x00\x14\x1c!\xad8\n^\xc0\xa8\x1a\x04]\x88XC@\xfe',11,FS-1418861,FED,FS-FIRESTAT,FS,USCAENF,Eldorado National Forest,503,Eldorado National Forest,64,11,,FORK #2,,,,,,2004,2004-07-02,184,1830,Natural,Natural,,7/3/2004,185,1900,0.1,A,38.69166667,-120.1597222,USFS,CA,17,6017,El Dorado County,24.5,0.19,73.2
12,b'\x00\x01\xad\x10\x00\x00\xcc5\xf5O\xca\x06^\xc0\xd8ZD\xf3\x84CC@\xcc5\xf5O\xca\x06^\xc0\xd8ZD\xf3\x84CC@|\x01\x00\x00\x00\xcc5\xf5O\xca\x06^\xc0\xd8ZD\xf3\x84CC@\xfe',12,FS-1418863,FED,FS-FIRESTAT,FS,USCAENF,Eldorado National Forest,503,Eldorado National Forest,71,14,,MOKE #2,,,,,,2004,2004-07-02,184,1730,Natural,Natural,,7/3/2004,185,2000,0.1,A,38.5275,-120.1061111,USFS,CA,5,6005,Amador County,26.5,0.19,73.2
13,b'\x00\x01\xad\x10\x00\x00\x04jE\\_\x0c^\xc08\xed\xbbR\xb1dC@\x04jE\\_\x0c^\xc08\xed\xbbR\xb1dC@|\x01\x00\x00\x00\x04jE\\_\x0c^\xc08\xed\xbbR\xb1dC@\xfe',13,FS-1418865,FED,FS-FIRESTAT,FS,USCAENF,Eldorado National Forest,503,Eldorado National Forest,91,26,,WRIGHTS,,,,,,2004,2004-09-03,247,1600,Human,Missing data/not specified/undetermined,,9/3/2004,247,1630,0.1,A,38.78666667,-120.1933333,USFS,CA,17,6017,El Dorado County,0.5,3.72,72.1
14,b'\x00\x01\xad\x10\x00\x00d\xbe\x85\xa0\xa3 ^\xc0X\x18PLw7C@d\xbe\x85\xa0\xa3 ^\xc0X\x18PLw7C@|\x01\x00\x00\x00d\xbe\x85\xa0\xa3 ^\xc0X\x18PLw7C@\xfe',14,FS-1418872,FED,FS-FIRESTAT,FS,USCAENF,Eldorado National Forest,503,Eldorado National Forest,99,21,,TIGER,,,,,,2004,2004-09-28,272,1200,Human,Recreation and ceremony,,9/28/2004,272,1800,6,B,38.43333333,-120.51,MISSING/NOT SPECIFIED,CA,5,6005,Amador County,6,3.72,72.1
15,b'\x00\x01\xad\x10\x00\x00p\xbc\x89\xc1\xe6\x11^\xc0\xb0\xfbl\x89\x81VC@p\xbc\x89\xc1\xe6\x11^\xc0\xb0\xfbl\x89\x81VC@|\x01\x00\x00\x00p\xbc\x89\xc1\xe6\x11^\xc0\xb0\xfbl\x89\x81VC@\xfe',15,FS-1418874,FED,FS-FIRESTAT,FS,USCAENF,Eldorado National Forest,503,Eldorado National Forest,102,28,,BROWN,,,,,,2004,2004-10-03,277,630,Natural,Natural,,10/3/2004,277,1500,0.2,A,38.67583333,-120.2797222,USFS,CA,17,6017,El Dorado County,8.5,1.68,63.8
16,"b'\x00\x01\xad\x10\x00\x00\xa8x8\x8e\xb3""^\xc0(\xe2\xd4q6HC@\xa8x8\x8e\xb3""^\xc0(\xe2\xd4q6HC@|\x01\x00\x00\x00\xa8x8\x8e\xb3""^\xc0(\xe2\xd4q6HC@\xfe'",16,FS-1418876,FED,FS-FIRESTAT,FS,USCAENF,Eldorado National Forest,503,Eldorado National Forest,103,22,,SOPIAGO,,,,,,2004,2004-10-03,277,930,Natural,Natural,,10/3/2004,277,1400,0.1,A,38.56416667,-120.5422222,USFS,CA,17,6017,El Dorado County,4.5,1.68,63.8
17,b'\x00\x01\xad\x10\x00\x00\xf8{\xfe\xbb\x8b\r^\xc0\xd0\xd7\xc5j\xfcBC@\xf8{\xfe\xbb\x8b\r^\xc0\xd0\xd7\xc5j\xfcBC@|\x01\x00\x00\x00\xf8{\xfe\xbb\x8b\r^\xc0\xd0\xd7\xc5j\xfcBC@\xfe',17,FS-1418878,FED,FS-FIRESTAT,FS,USCAENF,Eldorado National Forest,503,Eldorado National Forest,109,23,,POWER,2004_CA-ENF-017646_POWER,,CA3850212028020041006,POWER,,2004,2004-10-06,280,1415,Human,Equipment and vehicle use,,10/21/2004,295,1000,16823,G,38.52333333,-120.2116667,USFS,CA,5,6005,Amador County,355.75,1.68,63.8
18,b'\x00\x01\xad\x10\x00\x00\xc4\x85\x82\xa0\xa3\x10^\xc0@\xda\xb1\xde\xd6cC@\xc4\x85\x82\xa0\xa3\x10^\xc0@\xda\xb1\xde\xd6cC@|\x01\x00\x00\x00\xc4\x85\x82\xa0\xa3\x10^\xc0@\xda\xb1\xde\xd6cC@\xfe',18,FS-1418881,FED,FS-FIRESTAT,FS,USCAENF,Eldorado National Forest,503,Eldorado National Forest,111,35,BHA3,FREDS,2004_CA-ENF-18044_FREDS,,CA3878712031820041013,FREDS,,2004,2004-10-13,287,1618,Human,Power generation/transmission/distribution,,10/17/2004,291,1800,7700,G,38.78,-120.26,USFS,CA,17,6017,El Dorado County,97.7,1.68,63.8
19,b'\x00\x01\xad\x10\x00\x00\x04\x17q\x88X\x1a^\xc0\x80T\xfd\x96\xf5xC@\x04\x17q\x88X\x1a^\xc0\x80T\xfd\x96\xf5xC@|\x01\x00\x00\x00\x04\x17q\x88X\x1a^\xc0\x80T\xfd\x96\xf5xC@\xfe',19,FS-1418884,FED,FS-FIRESTAT,FS,USCAENF,Eldorado National Forest,503,Eldorado National Forest,115,22,,HARTLESS,,,,,,2004,2004-11-20,325,2000,Human,Debris and open burning,,11/21/2004,326,1630,0.1,A,38.945,-120.4116667,STATE OR PRIVATE,CA,17,6017,El Dorado County,20.5,5.51,53
20,b'\x00\x01\xad\x10\x00\x00\xfc\x94jl\x1dnZ\xc0@\x81_\x0cm\xb8@@\xfc\x94jl\x1dnZ\xc0@\x81_\x0cm\xb8@@|\x01\x00\x00\x00\xfc\x94jl\x1dnZ\xc0@\x81_\x0cm\xb8@@\xfe',20,FS-1418887,FED,FS-FIRESTAT,FS,USNMLNF,Lincoln National Forest,308,Lincoln National Forest,8,NM-LNF-008,AVPA,SPRING,,,,,,2004,2004-06-04,156,1030,Natural,Natural,,6/4/2004,156,1400,0.1,A,33.44083333,-105.7205556,USFS,NM,27,35027,Lincoln County,3.5,2.32,66.5
21,b'\x00\x01\xad\x10\x00\x004X\x91\x01;hZ\xc0\xd0\xf2G\xe1R\xa7@@4X\x91\x01;hZ\xc0\xd0\xf2G\xe1R\xa7@@|\x01\x00\x00\x004X\x91\x01;hZ\xc0\xd0\xf2G\xe1R\xa7@@\xfe',21,FS-1418888,FED,FS-FIRESTAT,FS,USNMLNF,Lincoln National Forest,308,Lincoln National Forest,12,NM-LNF-012,A49Y,ANGRY,,,,,,2004,2004-06-19,171,1530,Natural,Natural,,6/19/2004,171,1940,0.1,A,33.30722222,-105.6286111,STATE OR PRIVATE,NM,27,35027,Lincoln County,4.166666667,2.32,66.5
22,"b""\x00\x01\xad\x10\x00\x00(i\xcf\xa9'qZ\xc0\x18T\x91`\xe3\xb8@@(i\xcf\xa9'qZ\xc0\x18T\x91`\xe3\xb8@@|\x01\x00\x00\x00(i\xcf\xa9'qZ\xc0\x18T\x91`\xe3\xb8@@\xfe""",22,FS-1418893,FED,FS-FIRESTAT,FS,USNMLNF,Lincoln National Forest,308,Lincoln National Forest,13,NM-LNF-013,A5DG,DARK,,,,,,2004,2004-06-21,173,1440,Natural,Natural,,6/22/2004,174,1100,0.1,A,33.44444444,-105.7680556,USFS,NM,27,35027,Lincoln County,20.33333333,2.32,66.5
23,b'\x00\x01\xad\x10\x00\x00\xdc\x9a*\xce\x07qZ\xc0\xa01V\xb2\x9b\xc7@@\xdc\x9a*\xce\x07qZ\xc0\xa01V\xb2\x9b\xc7@@|\x01\x00\x00\x00\xdc\x9a*\xce\x07qZ\xc0\xa01V\xb2\x9b\xc7@@\xfe',23,FS-1418894,FED,FS-FIRESTAT,FS,USNMLNF,Lincoln National Forest,308,Lincoln National Forest,16,NM-LNF-016,AVP4,CHURCH #2,,,,,,2004,2004-06-25,177,1910,Natural,Natural,,6/26/2004,178,1300,0.1,A,33.55944444,-105.7661111,USFS,NM,27,35027,Lincoln County,17.83333333,2.32,66.5
24,b'\x00\x01\xad\x10\x00\x00\xa0\x14\x81\xa5\xabaZ\xc0\x00<\xcd/n\xa7@@\xa0\x14\x81\xa5\xabaZ\xc0\x00<\xcd/n\xa7@@|\x01\x00\x00\x00\xa0\x14\x81\xa5\xabaZ\xc0\x00<\xcd/n\xa7@@\xfe',24,FS-1418895,FED,FS-FIRESTAT,FS,USNMLNF,Lincoln National Forest,308,Lincoln National Forest,19,NM-LNF-019,AVP4,PINE CONE,,,,,,2004,2004-07-01,183,1250,Natural,Natural,,7/2/2004,184,1110,0.25,A,33.30805556,-105.5261111,USFS,NM,27,35027,Lincoln County,22.33333333,2.25,71.1
25,b'\x00\x01\xad\x10\x00\x00\x00T\x82\x0f\xafNZ\xc0X\xcf\x91{\xcb\xc5@@\x00T\x82\x0f\xafNZ\xc0X\xcf\x91{\xcb\xc5@@|\x01\x00\x00\x00\x00T\x82\x0f\xafNZ\xc0X\xcf\x91{\xcb\xc5@@\xfe',25,FS-1418896,FED,FS-FIRESTAT,FS,USNMLNF,Lincoln National Forest,308,Lincoln National Forest,20,NM-LNF-020,AVP4,EAGLE,,,,,,2004,2004-07-01,183,1712,Natural,Natural,,7/6/2004,188,1450,2.5,B,33.54527778,-105.2294444,USFS,NM,27,35027,Lincoln County,117.6333333,2.25,71.1
26,b'\x00\x01\xad\x10\x00\x00h%I\x17\xc8`Z\xc0\x10\xd5r\x0cm\xa8@@h%I\x17\xc8`Z\xc0\x10\xd5r\x0cm\xa8@@|\x01\x00\x00\x00h%I\x17\xc8`Z\xc0\x10\xd5r\x0cm\xa8@@\xfe',26,FS-1418897,FED,FS-FIRESTAT,FS,USNMLNF,Lincoln National Forest,308,Lincoln National Forest,22,NM-LNF-022,AVP4,BACHELOR,,,,,,2004,2004-07-20,202,1405,Natural,Natural,,7/20/2004,202,1600,10,C,33.31583333,-105.5122222,USFS,NM,27,35027,Lincoln County,1.916666667,2.25,71.1
27,b'\x00\x01\xad\x10\x00\x00\xc8*I\xf7chZ\xc0\x90q\x84`\xe3\xb8@@\xc8*I\xf7chZ\xc0\x90q\x84`\xe3\xb8@@|\x01\x00\x00\x00\xc8*I\xf7chZ\xc0\x90q\x84`\xe3\xb8@@\xfe',27,FS-1418898,FED,FS-FIRESTAT,FS,USNMLNF,Lincoln National Forest,308,Lincoln National Forest,31,NM-LNF-031,A0SY,SONTERRA,,,,,,2004,2004-03-18,78,1145,Human,Debris and open burning,,3/18/2004,78,2030,8.2,B,33.44444444,-105.6311111,MISSING/NOT SPECIFIED,NM,27,35027,Lincoln County,8.75,2.61,42.4
28,b'\x00\x01\xad\x10\x00\x00\xf0\xe0\xc1+v`Z\xc0\xb8\xa32D\x1c\xaf@@\xf0\xe0\xc1+v`Z\xc0\xb8\xa32D\x1c\xaf@@|\x01\x00\x00\x00\xf0\xe0\xc1+v`Z\xc0\xb8\xa32D\x1c\xaf@@\xfe',28,FS-1418903,FED,FS-FIRESTAT,FS,USNMLNF,Lincoln National Forest,308,Lincoln National Forest,26,NM-LNF-013,AVP4,PEPPER,,,,,,2004,2004-08-05,218,945,Natural,Natural,,8/5/2004,218,1815,0.1,A,33.36805556,-105.5072222,USFS,NM,27,35027,Lincoln County,8.5,2.22,70.8
29,b'\x00\x01\xad\x10\x00\x00\x9c\xfe\x92\xd8\xdehZ\xc0\x08\xea\xac\x9aP\xb1@@\x9c\xfe\x92\xd8\xdehZ\xc0\x08\xea\xac\x9aP\xb1@@|\x01\x00\x00\x00\x9c\xfe\x92\xd8\xdehZ\xc0\x08\xea\xac\x9aP\xb1@@\xfe',29,FS-1418904,FED,FS-FIRESTAT,FS,USNMLNF,Lincoln National Forest,308,Lincoln National Forest,33,NM-LNF-033,A0TF,120A,,,,,,2004,2004-03-18,78,1655,Human,Debris and open burning,,3/18/2004,78,2130,0.25,A,33.38527778,-105.6386111,USFS,NM,27,35027,Lincoln County,4.583333333,2.61,42.4
30,b'\x00\x01\xad\x10\x00\x00\x04\xc3G1\xd1lZ\xc0Xb0\xaf\xfe\xb0@@\x04\xc3G1\xd1lZ\xc0Xb0\xaf\xfe\xb0@@|\x01\x00\x00\x00\x04\xc3G1\xd1lZ\xc0Xb0\xaf\xfe\xb0@@\xfe',30,FS-1418905,FED,FS-FIRESTAT,FS,USNMLNF,Lincoln National Forest,308,Lincoln National Forest,36,NM-LNF-036,A3B1,MUSKETBURN,,,,,,2004,2004-05-11,132,1515,Human,Debris and open burning,,5/11/2004,132,1552,0.25,A,33.38277778,-105.7002778,USFS,NM,27,35027,Lincoln County,0.6166666667,1.2,57.2
31,b'\x00\x01\xad\x10\x00\x00\xa4\x937\x83\x89kZ\xc0\xe8\x19I\x8f\x9a\xb0@@\xa4\x937\x83\x89kZ\xc0\xe8\x19I\x8f\x9a\xb0@@|\x01\x00\x00\x00\xa4\x937\x83\x89kZ\xc0\xe8\x19I\x8f\x9a\xb0@@\xfe',31,FS-1418906,FED,FS-FIRESTAT,FS,USNMLNF,Lincoln National Forest,308,Lincoln National Forest,37,NM-LNF-037,A49X,OREGON,,,,,,2004,2004-06-19,171,1645,Natural,Natural,,6/19/2004,171,2020,0.1,A,33.37972222,-105.6802778,USFS,NM,27,35027,Lincoln County,3.583333333,2.32,66.5
32,b'\x00\x01\xad\x10\x00\x00\xe8zDz\x81Z^\xc0XZ=/n\xffE@\xe8zDz\x81Z^\xc0XZ=/n\xffE@|\x01\x00\x00\x00\xe8zDz\x81Z^\xc0XZ=/n\xffE@\xfe',32,FS-1418907,FED,FS-FIRESTAT,FS,USORDEF,Deschutes National Forest,601,Deschutes National Forest,1,1-001,BJ9H,28,,,,,,2005,2005-02-05,36,943,Human,Recreation and ceremony,,2/6/2005,37,1226,0.1,A,43.99555556,-121.4141667,STATE OR PRIVATE,OR,17,41017,Deschutes County,26.71666667,3.45,35.2
33,b'\x00\x01\xad\x10\x00\x00\xdcu.sWoZ\xc0\x00\xfdN\x98\x92\xbf@@\xdcu.sWoZ\xc0\x00\xfdN\x98\x92\xbf@@|\x01\x00\x00\x00\xdcu.sWoZ\xc0\x00\xfdN\x98\x92\xbf@@\xfe',33,FS-1418909,FED,FS-FIRESTAT,FS,USNMLNF,Lincoln National Forest,308,Lincoln National Forest,15,NM-LNF-015,AVP4,CHURCH #1,,,,,,2004,2004-06-25,177,1927,Natural,Natural,,6/26/2004,178,1749,0.1,A,33.49666667,-105.7397222,USFS,NM,27,35027,Lincoln County,22.36666667,2.32,66.5
34,b'\x00\x01\xad\x10\x00\x00\x94$s\x85GmZ\xc0\xa8Sm\x90y\xb5@@\x94$s\x85GmZ\xc0\xa8Sm\x90y\xb5@@|\x01\x00\x00\x00\x94$s\x85GmZ\xc0\xa8Sm\x90y\xb5@@\xfe',34,FS-1418910,FED,FS-FIRESTAT,FS,USNMLNF,Lincoln National Forest,308,Lincoln National Forest,38,NM-LNF-038,AVP4,DRY MILLS,,,,,,2004,2004-08-30,243,1030,Natural,Natural,,8/30/2004,243,1501,0.1,A,33.41777778,-105.7075,USFS,NM,27,35027,Lincoln County,4.516666667,2.22,70.8
35,b'\x00\x01\xad\x10\x00\x00X\x14\xd3\x0b\x12hZ\xc0x\xc5\xcf\xc3\xac\xa0@@X\x14\xd3\x0b\x12hZ\xc0x\xc5\xcf\xc3\xac\xa0@@|\x01\x00\x00\x00X\x14\xd3\x0b\x12hZ\xc0x\xc5\xcf\xc3\xac\xa0@@\xfe',35,FS-1418911,FED,FS-FIRESTAT,FS,USNMLNF,Lincoln National Forest,308,Lincoln National Forest,41,NM-LNF-041,BEY3,AGUA FRIA,,,,,,2004,2004-10-11,285,1015,Natural,Natural,,10/11/2004,285,1300,0.1,A,33.25527778,-105.6261111,USFS,NM,27,35027,Lincoln County,2.75,1.71,59
36,"b'\x00\x01\xad\x10\x00\x00t\x04\xb4\xd0\xb5X^\xc0\xf0G,\xc4\x8b\x05F@t\x04\xb4\xd0\xb5X^\xc0\xf0G,\xc4\x8b\x05F@|\x01\x00\x00\x00t\x04\xb4\xd0\xb5X^\xc0\xf0G,\xc4\x8b\x05F@\xfe'",36,FS-1418916,FED,FS-FIRESTAT,FS,USORDEF,Deschutes National Forest,601,Deschutes National Forest,3,1-003,BK2W,44,,,,,,2005,2005-03-05,64,1042,Human,Recreation and ceremony,,3/5/2005,64,1107,0.1,A,44.04333333,-121.3861111,USFS,OR,17,41017,Deschutes County,0.4166666667,3.17,39.4
37,b'\x00\x01\xad\x10\x00\x00\x04\x9f\xb8\xac\x9a\xb8T\xc0\xa0\xd7\xb6\xcd9\x9dA@\x04\x9f\xb8\xac\x9a\xb8T\xc0\xa0\xd7\xb6\xcd9\x9dA@|\x01\x00\x00\x00\x04\x9f\xb8\xac\x9a\xb8T\xc0\xa0\xd7\xb6\xcd9\x9dA@\xfe',37,FS-1418917,FED,FS-FIRESTAT,FS,USNCNCF,National Forests in North Carolina,811,National Forests in North Carolina,8,1,BK8V,TANNASSEE GAP I,,,,,,2005,2005-03-11,70,1500,Human,Equipment and vehicle use,,3/11/2005,70,1800,0.6,B,35.22833333,-82.88444444,USFS,NC,21,37021,Buncombe County,3,3.33,45.5
38,b'\x00\x01\xad\x10\x00\x00H\xec\x14\x8ax\xd6T\xc0\x98\x1d\xa8\xe1\x08\x80A@H\xec\x14\x8ax\xd6T\xc0\x98\x1d\xa8\xe1\x08\x80A@|\x01\x00\x00\x00H\xec\x14\x8ax\xd6T\xc0\x98\x1d\xa8\xe1\x08\x80A@\xfe',38,FS-1418918,FED,FS-FIRESTAT,FS,USNCNCF,National Forests in North Carolina,811,National Forests in North Carolina,2,2,BJ66,HOWARD GAP,,,,,,2005,2005-01-27,27,2200,Human,Arson/incendiarism,,1/28/2005,28,300,50.3,C,35.00027778,-83.35111111,USFS,NC,113,37113,Macon County,5,2.74,42.4
39,b'\x00\x01\xad\x10\x00\x00\x90@\x06\xcf\xddmT\xc0\xc8D\xc9\x9f@\xf7A@\x90@\x06\xcf\xddmT\xc0\xc8D\xc9\x9f@\xf7A@|\x01\x00\x00\x00\x90@\x06\xcf\xddmT\xc0\xc8D\xc9\x9f@\xf7A@\xfe',39,FS-1418919,FED,FS-FIRESTAT,FS,USNCNCF,National Forests in North Carolina,811,National Forests in North Carolina,3,1,BJ9U,HOT SPRINGS,,,,,,2005,2005-02-06,37,1900,Human,Arson/incendiarism,,2/6/2005,37,2000,0.1,A,35.93166667,-81.71666667,USFS,NC,27,37027,Caldwell County,1,4.02,43.4
40,b'\x00\x01\xad\x10\x00\x00@y\xa5\x80\xc2eT\xc0\xd0\xad-b6\x00B@@y\xa5\x80\xc2eT\xc0\xd0\xad-b6\x00B@|\x01\x00\x00\x00@y\xa5\x80\xc2eT\xc0\xd0\xad-b6\x00B@\xfe',40,FS-1418920,FED,FS-FIRESTAT,FS,USNCNCF,National Forests in North Carolina,811,National Forests in North Carolina,4,2,BKC8,AUSTIN CREEK,2005_NC-NCS-050201401_AUSTIN CREEK,,,,,2005,2005-02-12,43,1520,Human,Debris and open burning,,2/13/2005,44,330,125,D,36.00166667,-81.59,MISSING/NOT SPECIFIED,NC,27,37027,Caldwell County,12.16666667,4.02,43.4
41,"b'\x00\x01\xad\x10\x00\x00DR\xe2\xa5\x81vT\xc0\xc0s""@\x14\xfeA@DR\xe2\xa5\x81vT\xc0\xc0s""@\x14\xfeA@|\x01\x00\x00\x00DR\xe2\xa5\x81vT\xc0\xc0s""@\x14\xfeA@\xfe'",41,FS-1418921,FED,FS-FIRESTAT,FS,USNCNCF,National Forests in North Carolina,811,National Forests in North Carolina,29,29,BN3Z,HEADQUARTERS,,,,,,2005,2005-04-16,106,1625,Human,Debris and open burning,,4/16/2005,106,2200,25,C,35.985,-81.85166667,MISSING/NOT SPECIFIED,NC,11,37011,Avery County,5.583333333,3.58,52.4
42,b'\x00\x01\xad\x10\x00\x00t\xd8\xe9\xac\xbbkT\xc0\x90\xfe\x8b\xf82\xf3A@t\xd8\xe9\xac\xbbkT\xc0\x90\xfe\x8b\xf82\xf3A@|\x01\x00\x00\x00t\xd8\xe9\xac\xbbkT\xc0\x90\xfe\x8b\xf82\xf3A@\xfe',42,FS-1418922,FED,FS-FIRESTAT,FS,USNCNCF,National Forests in North Carolina,811,National Forests in North Carolina,44,4,BQ5X,BLUFF,,,,,,2005,2005-05-09,129,1343,Human,Debris and open burning,,5/9/2005,129,1530,3,B,35.9,-81.68333333,MISSING/NOT SPECIFIED,NC,27,37027,Caldwell County,1.783333333,5.09,60.4
43,b'\x00\x01\xad\x10\x00\x00\x88Z \x95peT\xc0H\xc1[\xa6z\x04B@\x88Z \x95peT\xc0H\xc1[\xa6z\x04B@|\x01\x00\x00\x00\x88Z \x95peT\xc0H\xc1[\xa6z\x04B@\xfe',43,FS-1418923,FED,FS-FIRESTAT,FS,USNCNCF,National Forests in North Carolina,811,National Forests in North Carolina,46,5,BQ54,MOUNTAIN,,,,,,2005,2005-05-09,129,1900,Human,Debris and open burning,,5/9/2005,129,2330,10,C,36.035,-81.585,MISSING/NOT SPECIFIED,NC,27,37027,Caldwell County,4.5,5.09,60.4
44,b'\x00\x01\xad\x10\x00\x00\x08\x01|\x94\x8aV^\xc0\xd0\xd7\xe2vO\xfaE@\x08\x01|\x94\x8aV^\xc0\xd0\xd7\xe2vO\xfaE@|\x01\x00\x00\x00\x08\x01|\x94\x8aV^\xc0\xd0\xd7\xe2vO\xfaE@\xfe',44,FS-1418924,FED,FS-FIRESTAT,FS,USORDEF,Deschutes National Forest,601,Deschutes National Forest,6,1-004,BMP6,88,,,,,,2005,2005-04-05,95,1205,Human,Recreation and ceremony,,4/5/2005,95,1210,0.1,A,43.95555556,-121.3522222,USFS,OR,17,41017,Deschutes County,0.08333333333,4.81,43.2
45,b'\x00\x01\xad\x10\x00\x00|\x1ef\xd9Z`Z\xc0\xb0\x0e;Qg-E@|\x1ef\xd9Z`Z\xc0\xb0\x0e;Qg-E@|\x01\x00\x00\x00|\x1ef\xd9Z`Z\xc0\xb0\x0e;Qg-E@\xfe',45,FS-1418933,FED,FS-FIRESTAT,FS,USWYMRF,"Medicine Bow-Routt National Forests, Thunder Basin National Grassland",206,Medicine Bow-Routt National Forest,51,,BTW2,JOHN,,,,,,2005,2005-06-06,157,1530,Natural,Natural,,6/6/2005,157,2030,0.25,A,42.35472222,-105.5055556,STATE OR PRIVATE,WY,9,56009,Converse County,5,0.77,52.6
46,"b'\x00\x01\xad\x10\x00\x00,y\x1b\x1f\x96\xd8T\xc0\xb8\xd1TJ-\x80A@,y\x1b\x1f\x96\xd8T\xc0\xb8\xd1TJ-\x80A@|\x01\x00\x00\x00,y\x1b\x1f\x96\xd8T\xc0\xb8\xd1TJ-\x80A@\xfe'",46,FS-1418934,FED,FS-FIRESTAT,FS,USNCNCF,National Forests in North Carolina,811,National Forests in North Carolina,10,1,BK9X,WATERLOO,,,,,,2005,2005-03-11,70,1330,Human,Power generation/transmission/distribution,,3/11/2005,70,1930,10,C,35.00138889,-83.38416667,MISSING/NOT SPECIFIED,NC,113,37113,Macon County,6,3.33,45.5
47,"b'\x00\x01\xad\x10\x00\x00,\xddk\xdb\x8c\xec]\xc0p\xe4\xeb\x19\x9ftF@,\xddk\xdb\x8c\xec]\xc0p\xe4\xeb\x19\x9ftF@|\x01\x00\x00\x00,\xddk\xdb\x8c\xec]\xc0p\xe4\xeb\x19\x9ftF@\xfe'",47,FS-1418935,FED,FS-FIRESTAT,FS,USORUMF,Umatilla National Forest,614,Umatilla National Forest,1,19,BE07,EARLY,,,,,,2005,2005-03-11,70,1000,Human,Missing data/not specified/undetermined,,3/11/2005,70,1401,5,B,44.91111111,-119.6961111,USFS,OR,69,41069,Wheeler County,4.016666667,3.17,39.4
48,b'\x00\x01\xad\x10\x00\x00\xa4\xf2K\x04\xb7KZ\xc0heoTg\xa5C@\xa4\xf2K\x04\xb7KZ\xc0heoTg\xa5C@|\x01\x00\x00\x00\xa4\xf2K\x04\xb7KZ\xc0heoTg\xa5C@\xfe',48,FS-1418940,FED,FS-FIRESTAT,FS,USCOPSF,Pike and San Isabel National Forest,212,Pike San Isabel National Forest,22,1,BEX1,HATCH,,,,,,2005,2005-06-14,165,1300,Natural,Natural,,6/14/2005,165,1530,0.5,B,39.29222222,-105.1830556,USFS,CO,,,,2.5,1.05,57
49,b'\x00\x01\xad\x10\x00\x00\x04\x17\x02\xeb\xbed^\xc0\x90@+\xb9\xd5\xdcE@\x04\x17\x02\xeb\xbed^\xc0\x90@+\xb9\xd5\xdcE@|\x01\x00\x00\x00\x04\x17\x02\xeb\xbed^\xc0\x90@+\xb9\xd5\xdcE@\xfe',49,FS-1418943,FED,FS-FIRESTAT,FS,USORDEF,Deschutes National Forest,601,Deschutes National Forest,2,1-002,BKG2,32,,,,,,2005,2005-02-16,47,1535,Human,Recreation and ceremony,,2/16/2005,47,1600,0.1,A,43.72527778,-121.5741667,USFS,OR,17,41017,Deschutes County,0.4166666667,3.45,35.2
50,b'\x00\x01\xad\x10\x00\x00@\xca\x08\xd51T^\xc0\xf0\xcc\xdf\xb2z4F@@\xca\x08\xd51T^\xc0\xf0\xcc\xdf\xb2z4F@|\x01\x00\x00\x00@\xca\x08\xd51T^\xc0\xf0\xcc\xdf\xb2z4F@\xfe',50,FS-1418944,FED,FS-FIRESTAT,FS,USOROCF,Ochoco National Forest,607,Ochoco National Forest,1,5-001,BK1B,41,,,,,,2005,2005-03-02,61,1640,Human,Debris and open burning,,3/2/2005,61,1745,0.1,A,44.41,-121.3155556,USFS,OR,17,41017,Deschutes County,1.083333333,3.17,39.4
51,b'\x00\x01\xad\x10\x00\x00 \x0b\x05]\xfcN^\xc0\x80PF\x18#\x11E@ \x0b\x05]\xfcN^\xc0\x80PF\x18#\x11E@|\x01\x00\x00\x00 \x0b\x05]\xfcN^\xc0\x80PF\x18#\x11E@\xfe',51,FS-1418945,FED,FS-FIRESTAT,FS,USORFWF,Fremont-Winema National Forest,602,Fremont-Winema National Forest,3,402,BE0X,HALFWAY  108,,,,,,2005,2005-05-28,148,1441,Natural,Natural,,5/28/2005,148,1911,0.1,A,42.13388889,-121.2341667,USFS,OR,37,41037,Lake County,4.5,1.62,48
52,"b""\x00\x01\xad\x10\x00\x00\x80\x9c_\xe3\xc69^\xc0 ~\xd5i\xdb'E@\x80\x9c_\xe3\xc69^\xc0 ~\xd5i\xdb'E@|\x01\x00\x00\x00\x80\x9c_\xe3\xc69^\xc0 ~\xd5i\xdb'E@\xfe""",52,FS-1418953,FED,FS-FIRESTAT,FS,USORFWF,Fremont-Winema National Forest,602,Fremont-Winema National Forest,1,101,BR37,PARADISE  104,,,,,,2005,2005-05-17,137,1400,Human,Missing data/not specified/undetermined,,5/17/2005,137,1500,0.1,A,42.31138889,-120.9027778,USFS,OR,37,41037,Lake County,1,1.62,48
53,"b'\x00\x01\xad\x10\x00\x00\xb4\xaf\xb0\x9e\x825^\xc0pa""\xba\xb4yE@\xb4\xaf\xb0\x9e\x825^\xc0pa""\xba\xb4yE@|\x01\x00\x00\x00\xb4\xaf\xb0\x9e\x825^\xc0pa""\xba\xb4yE@\xfe'",53,FS-1418954,FED,FS-FIRESTAT,FS,USORFWF,Fremont-Winema National Forest,602,Fremont-Winema National Forest,2,401,B50B,STUMP 106,,,,,,2005,2005-05-27,147,1539,Human,Arson/incendiarism,,5/27/2005,147,1655,0.1,A,42.95083333,-120.8361111,USFS,OR,37,41037,Lake County,1.266666667,1.62,48
54,b'\x00\x01\xad\x10\x00\x00\x04\xae\xf5\xbc0\xd5Z\xc0\xb0\r\x97\x1avhF@\x04\xae\xf5\xbc0\xd5Z\xc0\xb0\r\x97\x1avhF@|\x01\x00\x00\x00\x04\xae\xf5\xbc0\xd5Z\xc0\xb0\r\x97\x1avhF@\xfe',54,FS-1418965,FED,FS-FIRESTAT,FS,USWYBHF,Bighorn National Forest,202,Bighorn National Forest,1,WY-BHF-014,BM2B,CRYSTAL SPRINGS,,,,,,2005,2005-04-07,97,1615,Human,Missing data/not specified/undetermined,,4/7/2005,97,1700,0.1,A,44.81611111,-107.3311111,USFS,WY,33,56033,Sheridan County,0.75,3.24,36.4
55,b'\x00\x01\xad\x10\x00\x00(\x0e\xc06=r]\xc0X\xbb\xd2\x11D\x1cG@(\x0e\xc06=r]\xc0X\xbb\xd2\x11D\x1cG@|\x01\x00\x00\x00(\x0e\xc06=r]\xc0X\xbb\xd2\x11D\x1cG@\xfe',55,FS-1418966,FED,FS-FIRESTAT,FS,USORUMF,Umatilla National Forest,614,Umatilla National Forest,3,401-046,BE07,UPPER JIM,,,,,,2005,2005-06-19,170,1430,Natural,Natural,,6/20/2005,171,1400,0.3,B,46.22083333,-117.785,USFS,WA,27,53027,Grays Harbor County,23.5,1.09,55.8
56,b'\x00\x01\xad\x10\x00\x00\xa8\xd3\xbe\x0f\xc03^\xc0\x90\x91\x9b7\x871E@\xa8\xd3\xbe\x0f\xc03^\xc0\x90\x91\x9b7\x871E@|\x01\x00\x00\x00\xa8\xd3\xbe\x0f\xc03^\xc0\x90\x91\x9b7\x871E@\xfe',56,FS-1418969,FED,FS-FIRESTAT,FS,USORFWF,Fremont-Winema National Forest,602,Fremont-Winema National Forest,8,103,BE0X,COTTONWOOD  128,,,,,,2005,2005-06-25,176,1800,Natural,Natural,,6/26/2005,177,1230,0.1,A,42.38694444,-120.8086111,USFS,OR,37,41037,Lake County,18.5,0.33,53.6
57,b'\x00\x01\xad\x10\x00\x00$P\x1d\xdb\xadG^\xc0\xa0\x7fy=\xe2AE@$P\x1d\xdb\xadG^\xc0\xa0\x7fy=\xe2AE@|\x01\x00\x00\x00$P\x1d\xdb\xadG^\xc0\xa0\x7fy=\xe2AE@\xfe',57,FS-1418970,FED,FS-FIRESTAT,FS,USORFWF,Fremont-Winema National Forest,602,Fremont-Winema National Forest,6,102,BE0X,OBENCHAIN  125,,,,,,2005,2005-06-25,176,1300,Natural,Natural,,6/25/2005,176,1745,2,B,42.51472222,-121.12,USFS,OR,37,41037,Lake County,4.75,0.33,53.6
58,b'\x00\x01\xad\x10\x00\x00\xa4\x8f\xcfJ\xeb\xc5\\\xc0\x88\xaf\x18\x10\x02vH@\xa4\x8f\xcfJ\xeb\xc5\\\xc0\x88\xaf\x18\x10\x02vH@|\x01\x00\x00\x00\xa4\x8f\xcfJ\xeb\xc5\\\xc0\x88\xaf\x18\x10\x02vH@\xfe',58,FS-1418971,FED,FS-FIRESTAT,FS,USMTKNF,Kootenai National Forest,114,Kootenai National Forest,4,2,BEW1,IOWA FLATS,,,,,,2005,2005-03-08,67,1334,Human,Debris and open burning,,3/8/2005,67,1400,0.5,B,48.92194444,-115.0925,STATE OR PRIVATE,MT,53,30053,Lincoln County,0.4333333333,1.94,31.8
59,"b'\x00\x01\xad\x10\x00\x008M\xe5;\x98\xca\\\xc0\x00%\x91,\xc9\x7fH@8M\xe5;\x98\xca\\\xc0\x00%\x91,\xc9\x7fH@|\x01\x00\x00\x008M\xe5;\x98\xca\\\xc0\x00%\x91,\xc9\x7fH@\xfe'",59,FS-1418973,FED,FS-FIRESTAT,FS,USMTKNF,Kootenai National Forest,114,Kootenai National Forest,3,1,BK5T,GATEWAY,,,,,,2005,2005-03-06,65,1510,Human,Recreation and ceremony,,3/6/2005,65,1900,9,B,48.99833333,-115.1655556,USFS,MT,53,30053,Lincoln County,3.833333333,1.94,31.8
60,b'\x00\x01\xad\x10\x00\x00\x18_\xc3\xf2\xf8A^\xc0\xe0\xe7o\xe4\xefuE@\x18_\xc3\xf2\xf8A^\xc0\xe0\xe7o\xe4\xefuE@|\x01\x00\x00\x00\x18_\xc3\xf2\xf8A^\xc0\xe0\xe7o\xe4\xefuE@\xfe',60,FS-1418974,FED,FS-FIRESTAT,FS,USORFWF,Fremont-Winema National Forest,602,Fremont-Winema National Forest,4,403,BE0X,JUNIOR  122,,,,,,2005,2005-06-24,175,1845,Natural,Natural,,6/24/2005,175,2230,0.1,A,42.92138889,-121.0308333,USFS,OR,37,41037,Lake County,3.75,0.33,53.6
61,b'\x00\x01\xad\x10\x00\x00p7\x95\x00m\xe4\\\xc0\xa0Lz\xb70\xd5G@p7\x95\x00m\xe4\\\xc0\xa0Lz\xb70\xd5G@|\x01\x00\x00\x00p7\x95\x00m\xe4\\\xc0\xa0Lz\xb70\xd5G@\xfe',61,FS-1418975,FED,FS-FIRESTAT,FS,USMTKNF,Kootenai National Forest,114,Kootenai National Forest,28,1,BUS5,HAINES POINT,,,,,,2005,2005-06-16,167,1234,Human,Recreation and ceremony,,6/17/2005,168,1321,5,B,47.66555556,-115.5691667,USFS,MT,89,30089,Sanders County,24.78333333,0.67,53.4
62,b'\x00\x01\xad\x10\x00\x00 \x18\x0eQ\xf3~Z\xc08~\xf5\xe6\xe7tC@ \x18\x0eQ\xf3~Z\xc08~\xf5\xe6\xe7tC@|\x01\x00\x00\x00 \x18\x0eQ\xf3~Z\xc08~\xf5\xe6\xe7tC@\xfe',62,FS-1418976,FED,FS-FIRESTAT,FS,USCOPSF,Pike and San Isabel National Forest,212,Pike San Isabel National Forest,14,1,BEX1,TROUT CREEK II,,,,,,2005,2005-05-30,150,1100,Natural,Natural,,5/31/2005,151,1218,0.2,A,38.91333333,-105.9836111,USFS,CO,,,,25.3,2.2,48.3
63,b'\x00\x01\xad\x10\x00\x00t*P\xf3\x84\x97Z\xc0\xd0\xf3\xaa\xb2\xd5\x8cC@t*P\xf3\x84\x97Z\xc0\xd0\xf3\xaa\xb2\xd5\x8cC@|\x01\x00\x00\x00t*P\xf3\x84\x97Z\xc0\xd0\xf3\xaa\xb2\xd5\x8cC@\xfe',63,FS-1418978,FED,FS-FIRESTAT,FS,USCOPSF,Pike and San Isabel National Forest,212,Pike San Isabel National Forest,29,3,BU9J,MT ELBERT,,,,,,2005,2005-06-21,172,1241,Human,Recreation and ceremony,,6/21/2005,172,1506,0.1,A,39.10027778,-106.3675,USFS,CO,,,,2.416666667,1.05,57
64,b'\x00\x01\xad\x10\x00\x00\xdc\xa1\x95l6\xd8[\xc0\xb0\xdc\xb8\x83`\x0bD@\xdc\xa1\x95l6\xd8[\xc0\xb0\xdc\xb8\x83`\x0bD@|\x01\x00\x00\x00\xdc\xa1\x95l6\xd8[\xc0\xb0\xdc\xb8\x83`\x0bD@\xfe',64,FS-1418993,FED,FS-FIRESTAT,FS,USUTUWF,Uinta-Wasatch-Cache National Forest,418,Uinta National Forest,5,154,BEZ9,RED HOLLOW # 1,,,,,,2005,2005-06-28,179,1654,Natural,Natural,,6/28/2005,179,1757,0.1,A,40.08888889,-111.3783333,USFS,UT,49,49049,Utah County,1.05,0.41,58.9
65,b'\x00\x01\xad\x10\x00\x00\x94\x0f1\xf3\xd7\xc6\\\xc0P\x0cq\xc8 sH@\x94\x0f1\xf3\xd7\xc6\\\xc0P\x0cq\xc8 sH@|\x01\x00\x00\x00\x94\x0f1\xf3\xd7\xc6\\\xc0P\x0cq\xc8 sH@\xfe',65,FS-1418994,FED,FS-FIRESTAT,FS,USMTKNF,Kootenai National Forest,114,Kootenai National Forest,15,3,BP98,LLAMA,,,,,,2005,2005-04-27,117,1232,Human,Debris and open burning,,4/27/2005,117,1800,2,B,48.89944444,-115.1069444,STATE OR PRIVATE,MT,53,30053,Lincoln County,5.466666667,2.72,38.6
66,b'\x00\x01\xad\x10\x00\x00pq\n\xe1\xe7\xc4\\\xc0x\xd1\xf7\x8a\x16tH@pq\n\xe1\xe7\xc4\\\xc0x\xd1\xf7\x8a\x16tH@|\x01\x00\x00\x00pq\n\xe1\xe7\xc4\\\xc0x\xd1\xf7\x8a\x16tH@\xfe',66,FS-1418995,FED,FS-FIRESTAT,FS,USMTKNF,Kootenai National Forest,114,Kootenai National Forest,16,4,BQC0,HWY 37,,,,,,2005,2005-04-24,114,1930,Human,Missing data/not specified/undetermined,,4/24/2005,114,1945,0.1,A,48.90694444,-115.0766667,STATE OR PRIVATE,MT,53,30053,Lincoln County,0.25,2.72,38.6
67,b'\x00\x01\xad\x10\x00\x00\xe4Z\x8b\x81\xbb\xe3\\\xc0\xe8\xd1D\xda14H@\xe4Z\x8b\x81\xbb\xe3\\\xc0\xe8\xd1D\xda14H@|\x01\x00\x00\x00\xe4Z\x8b\x81\xbb\xe3\\\xc0\xe8\xd1D\xda14H@\xfe',67,FS-1419001,FED,FS-FIRESTAT,FS,USMTKNF,Kootenai National Forest,114,Kootenai National Forest,40,14,BYE1,RACE TRACK 4,,,,,,2005,2005-07-04,185,800,Human,Recreation and ceremony,,7/4/2005,185,815,0.1,A,48.40777778,-115.5583333,STATE OR PRIVATE,MT,53,30053,Lincoln County,0.25,1.24,62.6
68,b'\x00\x01\xad\x10\x00\x00\xb0\x15fg\xb2\xe3\\\xc0\xe8\xd1D\xda14H@\xb0\x15fg\xb2\xe3\\\xc0\xe8\xd1D\xda14H@|\x01\x00\x00\x00\xb0\x15fg\xb2\xe3\\\xc0\xe8\xd1D\xda14H@\xfe',68,FS-1419017,FED,FS-FIRESTAT,FS,USMTKNF,Kootenai National Forest,114,Kootenai National Forest,43,15,BYE5,RACE TRACK 5,,,,,,2005,2005-07-05,186,715,Human,Recreation and ceremony,,7/5/2005,186,745,0.1,A,48.40777778,-115.5577778,STATE OR PRIVATE,MT,53,30053,Lincoln County,0.5,1.24,62.6
69,"b'\x00\x01\xad\x10\x00\x00\xa8\x98kM\xca""^\xc0(\x01Y>\xc1&E@\xa8\x98kM\xca""^\xc0(\x01Y>\xc1&E@|\x01\x00\x00\x00\xa8\x98kM\xca""^\xc0(\x01Y>\xc1&E@\xfe'",69,FS-1419031,FED,FS-FIRESTAT,FS,USORFWF,Fremont-Winema National Forest,602,Fremont-Winema National Forest,7,201,BE0X,THOMAS CREEK  126,,,,,,2005,2005-06-25,176,1645,Natural,Natural,,6/25/2005,176,1900,0.1,A,42.30277778,-120.5436111,USFS,OR,37,41037,Lake County,2.25,0.33,53.6
70,"b'\x00\x01\xad\x10\x00\x00\x14\x08\x7f\xe2\xe7,^\xc0X\xe5\xae7\x87\x11E@\x14\x08\x7f\xe2\xe7,^\xc0X\xe5\xae7\x87\x11E@|\x01\x00\x00\x00\x14\x08\x7f\xe2\xe7,^\xc0X\xe5\xae7\x87\x11E@\xfe'",70,FS-1419033,FED,FS-FIRESTAT,FS,USORFWF,Fremont-Winema National Forest,602,Fremont-Winema National Forest,9,202,BE0X,DOG  129,,,,,,2005,2005-06-26,177,1540,Natural,Natural,,6/26/2005,177,2100,0.5,B,42.13694444,-120.7016667,USFS,OR,37,41037,Lake County,5.333333333,0.33,53.6
71,b'\x00\x01\xad\x10\x00\x00Hwb\xcc9\xcd\\\xc0\xe0\xa3m\x85\xbb{H@Hwb\xcc9\xcd\\\xc0\xe0\xa3m\x85\xbb{H@|\x01\x00\x00\x00Hwb\xcc9\xcd\\\xc0\xe0\xa3m\x85\xbb{H@\xfe',71,FS-1419039,FED,FS-FIRESTAT,FS,USMTKNF,Kootenai National Forest,114,Kootenai National Forest,18,5,BQW1,OLSEN HILL,,,,,,2005,2005-05-02,122,2000,Human,Debris and open burning,,5/2/2005,122,2200,17,C,48.96666667,-115.2066667,STATE OR PRIVATE,MT,53,30053,Lincoln County,2,4.8,45.8
72,b'\x00\x01\xad\x10\x00\x00\xd4W\x0bw\xe4\xcb\\\xc0\x10\xc2\xfe\xb3r{H@\xd4W\x0bw\xe4\xcb\\\xc0\x10\xc2\xfe\xb3r{H@|\x01\x00\x00\x00\xd4W\x0bw\xe4\xcb\\\xc0\x10\xc2\xfe\xb3r{H@\xfe',72,FS-1419041,FED,FS-FIRESTAT,FS,USMTKNF,Kootenai National Forest,114,Kootenai National Forest,21,6,BS6S,SHOOTING RANGE,,,,,,2005,2005-05-29,149,2000,Human,Recreation and ceremony,,5/29/2005,149,2100,0.1,A,48.96444444,-115.1858333,USFS,MT,53,30053,Lincoln County,1,4.8,45.8
73,b'\x00\x01\xad\x10\x00\x00\x107\xe9\xae\x93\xca\\\xc00\xd7u\xf1|rH@\x107\xe9\xae\x93\xca\\\xc00\xd7u\xf1|rH@|\x01\x00\x00\x00\x107\xe9\xae\x93\xca\\\xc00\xd7u\xf1|rH@\xfe',74,FS-1419045,FED,FS-FIRESTAT,FS,USMTKNF,Kootenai National Forest,114,Kootenai National Forest,33,8,BXR5,WATER TANK,,,,,,2005,2005-07-01,182,2030,Human,Missing data/not specified/undetermined,,7/1/2005,182,2300,3,B,48.89444444,-115.1652778,STATE OR PRIVATE,MT,53,30053,Lincoln County,2.5,1.24,62.6
74,b'\x00\x01\xad\x10\x00\x00\xa8b\xa6\xc4 \xc7\\\xc0\x18\xf9Tl\x91hH@\xa8b\xa6\xc4 \xc7\\\xc0\x18\xf9Tl\x91hH@|\x01\x00\x00\x00\xa8b\xa6\xc4 \xc7\\\xc0\x18\xf9Tl\x91hH@\xfe',75,FS-1419047,FED,FS-FIRESTAT,FS,USMTKNF,Kootenai National Forest,114,Kootenai National Forest,44,9,BYS6,BANKS,,,,,,2005,2005-07-05,186,1616,Human,Debris and open burning,,7/5/2005,186,2115,0.25,A,48.81694444,-115.1113889,STATE OR PRIVATE,MT,53,30053,Lincoln County,4.983333333,1.24,62.6
75,b'\x00\x01\xad\x10\x00\x00\xa89\xae\x83y\xc5\\\xc0\x00\x08\xc2\xfc2{H@\xa89\xae\x83y\xc5\\\xc0\x00\x08\xc2\xfc2{H@|\x01\x00\x00\x00\xa89\xae\x83y\xc5\\\xc0\x00\x08\xc2\xfc2{H@\xfe',76,FS-1419050,FED,FS-FIRESTAT,FS,USMTKNF,Kootenai National Forest,114,Kootenai National Forest,45,10,BY03,AIRPORT RD,,,,,,2005,2005-07-03,184,1745,Human,Missing data/not specified/undetermined,,7/3/2005,184,1815,0.1,A,48.9625,-115.0855556,STATE OR PRIVATE,MT,53,30053,Lincoln County,0.5,1.24,62.6
76,b'\x00\x01\xad\x10\x00\x00x2\xd9!\xd9\r\\\xc0\xb8?\xe1\xd0A\x9eA@x2\xd9!\xd9\r\\\xc0\xb8?\xe1\xd0A\x9eA@|\x01\x00\x00\x00x2\xd9!\xd9\r\\\xc0\xb8?\xe1\xd0A\x9eA@\xfe',77,FS-1419053,FED,FS-FIRESTAT,FS,USAZKNF,Kaibab National Forest,307,Kaibab National Forest,1,1,BEY2,BENHAM,,,,,,2005,2005-05-16,136,1713,Human,Recreation and ceremony,,5/16/2005,136,1949,0.5,B,35.23638889,-112.2163889,USFS,AZ,5,4005,Coconino County,2.6,0.21,62.6
77,b'\x00\x01\xad\x10\x00\x00 \xb1![\x1d\xe2^\xc0pz\xd2\x87\xc3\x84D@ \xb1![\x1d\xe2^\xc0pz\xd2\x87\xc3\x84D@|\x01\x00\x00\x00 \xb1![\x1d\xe2^\xc0pz\xd2\x87\xc3\x84D@\xfe',78,FS-1419054,FED,FS-FIRESTAT,FS,USCASRF,Six Rivers National Forest,510,Six Rivers National Forest,9,53-03,BWP8,LINTO,,,,,,2005,2005-06-27,178,1007,Human,Debris and open burning,,6/27/2005,178,1130,0.1,A,41.03722222,-123.5330556,USFS,CA,,,,1.383333333,0.14,64.2
78,b'\x00\x01\xad\x10\x00\x00\xdcKcy\xec\xbcZ\xc0\xf0\x91\xa2B\xf3*F@\xdcKcy\xec\xbcZ\xc0\xf0\x91\xa2B\xf3*F@|\x01\x00\x00\x00\xdcKcy\xec\xbcZ\xc0\xf0\x91\xa2B\xf3*F@\xfe',79,FS-1419057,FED,FS-FIRESTAT,FS,USWYBHF,Bighorn National Forest,202,Bighorn National Forest,2,WY-BHF-020,BNR0,HUNTER MESA,,,,,,2005,2005-04-14,104,1050,Human,Power generation/transmission/distribution,,4/14/2005,104,1300,0.25,A,44.33555556,-106.9519444,USFS,WY,19,56019,Johnson County,2.166666667,3.24,36.4
79,b'\x00\x01\xad\x10\x00\x00 \x11k\x08\x86\x86]\xc0\xb01T\xd7\xf7\xc6F@ \x11k\x08\x86\x86]\xc0\xb01T\xd7\xf7\xc6F@|\x01\x00\x00\x00 \x11k\x08\x86\x86]\xc0\xb01T\xd7\xf7\xc6F@\xfe',80,FS-1419058,FED,FS-FIRESTAT,FS,USORUMF,Umatilla National Forest,614,Umatilla National Forest,2,601-045,BE07,SMITH RIDGE 1,,,,,,2005,2005-06-18,169,1412,Natural,Natural,,6/19/2005,170,1848,0.1,A,45.55444444,-118.1019444,USFS,OR,61,41061,Union County,28.6,0.33,53.6
80,b'\x00\x01\xad\x10\x00\x00\x14S7\xb7\xac\xe0\\\xc0\xf8d\xed\xa5\x1f$H@\x14S7\xb7\xac\xe0\\\xc0\xf8d\xed\xa5\x1f$H@|\x01\x00\x00\x00\x14S7\xb7\xac\xe0\\\xc0\xf8d\xed\xa5\x1f$H@\xfe',81,FS-1419060,FED,FS-FIRESTAT,FS,USMTKNF,Kootenai National Forest,114,Kootenai National Forest,19,3,BRR9,BEARING,,,,,,2005,2005-05-13,133,1300,Human,Equipment and vehicle use,,5/13/2005,133,1420,0.1,A,48.28222222,-115.5105556,STATE OR PRIVATE,MT,53,30053,Lincoln County,1.333333333,4.8,45.8
81,b'\x00\x01\xad\x10\x00\x00\x14\x8f\xd6A\xf3\xe2\\\xc0\xe8r\xaa\x1fU5H@\x14\x8f\xd6A\xf3\xe2\\\xc0\xe8r\xaa\x1fU5H@|\x01\x00\x00\x00\x14\x8f\xd6A\xf3\xe2\\\xc0\xe8r\xaa\x1fU5H@\xfe',82,FS-1419061,FED,FS-FIRESTAT,FS,USMTKNF,Kootenai National Forest,114,Kootenai National Forest,50,19,BZ0T,PIPE FLATS 2,,,,,,2005,2005-07-10,191,915,Human,Recreation and ceremony,,7/10/2005,191,940,0.1,A,48.41666667,-115.5461111,USFS,MT,53,30053,Lincoln County,0.4166666667,1.24,62.6
82,"b'\x00\x01\xad\x10\x00\x00\xe09#\x96i\xdf\\\xc0\xc0\rn.\xa8,H@\xe09#\x96i\xdf\\\xc0\xc0\rn.\xa8,H@|\x01\x00\x00\x00\xe09#\x96i\xdf\\\xc0\xc0\rn.\xa8,H@\xfe'",83,FS-1419063,FED,FS-FIRESTAT,FS,USMTKNF,Kootenai National Forest,114,Kootenai National Forest,38,12,BYD9,OBSIDIAN,,,,,,2005,2005-07-03,184,2000,Human,Recreation and ceremony,,7/4/2005,185,1351,0.1,A,48.34888889,-115.4908333,USFS,MT,53,30053,Lincoln County,17.85,1.24,62.6
83,b'\x00\x01\xad\x10\x00\x00\xe4Z\x8b\x81\xbb\xe3\\\xc0P\\\x8f\x0eD4H@\xe4Z\x8b\x81\xbb\xe3\\\xc0P\\\x8f\x0eD4H@|\x01\x00\x00\x00\xe4Z\x8b\x81\xbb\xe3\\\xc0P\\\x8f\x0eD4H@\xfe',84,FS-1419065,FED,FS-FIRESTAT,FS,USMTKNF,Kootenai National Forest,114,Kootenai National Forest,48,17,BZ0R,RACETRACK #7,,,,,,2005,2005-07-09,190,1225,Human,Recreation and ceremony,,7/9/2005,190,1254,0.1,A,48.40833333,-115.5583333,USFS,MT,53,30053,Lincoln County,0.4833333333,1.24,62.6
84,b'\x00\x01\xad\x10\x00\x00\x98\x1e\xd2wpq[\xc0\x18\xd8\x05\x1e\xc0G@@\x98\x1e\xd2wpq[\xc0\x18\xd8\x05\x1e\xc0G@@|\x01\x00\x00\x00\x98\x1e\xd2wpq[\xc0\x18\xd8\x05\x1e\xc0G@@\xfe',85,FS-1419067,FED,FS-FIRESTAT,FS,USAZCNF,Coronado National Forest,305,Coronado National Forest,31,1,BR3U,GILLESPIE,,,,,,2005,2005-05-18,138,1145,Human,Equipment and vehicle use,,5/18/2005,138,1400,0.1,A,32.56055556,-109.7725,USFS,AZ,9,4009,Graham County,2.25,0.21,62.6
85,b'\x00\x01\xad\x10\x00\x00t\x00\x15\xa5\xbc\xde\\\xc0\x18\xc7\x0c\xb70\x1dH@t\x00\x15\xa5\xbc\xde\\\xc0\x18\xc7\x0c\xb70\x1dH@|\x01\x00\x00\x00t\x00\x15\xa5\xbc\xde\\\xc0\x18\xc7\x0c\xb70\x1dH@\xfe',86,FS-1419068,FED,FS-FIRESTAT,FS,USMTKNF,Kootenai National Forest,114,Kootenai National Forest,39,13,BYE0,HWY 2,,,,,,2005,2005-07-04,185,530,Human,Fireworks,,,,,0.3,B,48.22805556,-115.4802778,STATE OR PRIVATE,MT,53,30053,Lincoln County,,1.24,62.6
86,b'\x00\x01\xad\x10\x00\x00\xa8\xc3\xa1\x1cD<Z\xc0\x80\xf7n\xc3\xcd;@@\xa8\xc3\xa1\x1cD<Z\xc0\x80\xf7n\xc3\xcd;@@|\x01\x00\x00\x00\xa8\xc3\xa1\x1cD<Z\xc0\x80\xf7n\xc3\xcd;@@\xfe',87,FS-1419069,FED,FS-FIRESTAT,FS,USNMLNF,Lincoln National Forest,308,Lincoln National Forest,15,NM-LNF-015,B2B8,ANTELOPE,,,,,,2005,2005-07-07,188,1731,Natural,Natural,,7/8/2005,189,1100,45.6,C,32.46722222,-104.9416667,USFS,NM,5,35005,Chaves County,17.48333333,3.03,72.4
87,b'\x00\x01\xad\x10\x00\x00\xfc\x8b\x19A\xa0w[\xc0\x80\xc7\xe7\x1d\xc0W@@\xfc\x8b\x19A\xa0w[\xc0\x80\xc7\xe7\x1d\xc0W@@|\x01\x00\x00\x00\xfc\x8b\x19A\xa0w[\xc0\x80\xc7\xe7\x1d\xc0W@@\xfe',88,FS-1419070,FED,FS-FIRESTAT,FS,USAZCNF,Coronado National Forest,305,Coronado National Forest,55,2,BWD2,CUNNINGHAM,,,,,,2005,2005-06-26,177,1230,Natural,Natural,,6/26/2005,177,1900,0.5,B,32.68555556,-109.8691667,USFS,AZ,9,4009,Graham County,6.5,1.05,71.2
88,b'\x00\x01\xad\x10\x00\x00p\xe7\xbd\x8f\xf5p]\xc0@(\xf2\x08T\x16A@p\xe7\xbd\x8f\xf5p]\xc0@(\xf2\x08T\x16A@|\x01\x00\x00\x00p\xe7\xbd\x8f\xf5p]\xc0@(\xf2\x08T\x16A@\xfe',89,FS-1419071,FED,FS-FIRESTAT,FS,USCAANF,Angeles National Forest,501,Angeles National Forest,15,1,BP31,CANYON,,,,,,2005,2005-04-24,114,710,Human,Other causes,,4/24/2005,114,745,0.1,A,34.17444444,-117.765,USFS,CA,,,,0.5833333333,2.54,52
89,b'\x00\x01\xad\x10\x00\x00\xe0\x18\xd3\x90\xd4u]\xc0`\xb0\x8dx\xb2\x13A@\xe0\x18\xd3\x90\xd4u]\xc0`\xb0\x8dx\xb2\x13A@|\x01\x00\x00\x00\xe0\x18\xd3\x90\xd4u]\xc0`\xb0\x8dx\xb2\x13A@\xfe',90,FS-1419073,FED,FS-FIRESTAT,FS,USCAANF,Angeles National Forest,501,Angeles National Forest,64,3,BE8B,FOUNTAIN,,,,,,2005,2005-07-03,184,1650,Human,Fireworks,Minor,7/3/2005,184,1800,0.5,B,34.15388889,-117.8411111,MISSING/NOT SPECIFIED,CA,,,,1.166666667,0.29,72.3
90,b'\x00\x01\xad\x10\x00\x00\xec\xbd\xb8\x87\x16\xbc]\xc0P\xd0^\x9e\x8a~F@\xec\xbd\xb8\x87\x16\xbc]\xc0P\xd0^\x9e\x8a~F@|\x01\x00\x00\x00\xec\xbd\xb8\x87\x16\xbc]\xc0P\xd0^\x9e\x8a~F@\xfe',91,FS-1419075,FED,FS-FIRESTAT,FS,USORUMF,Umatilla National Forest,614,Umatilla National Forest,4,501-048,BE07,DUNCANS RIDGE,,,,,,2005,2005-06-21,172,1648,Natural,Natural,,6/21/2005,172,1944,0.1,A,44.98861111,-118.9388889,USFS,OR,23,41023,Grant County,2.933333333,0.33,53.6
91,b'\x00\x01\xad\x10\x00\x00\x90\xc8\xf5\xf1[3^\xc0\x10\xad\xde\xe6\xef}C@\x90\xc8\xf5\xf1[3^\xc0\x10\xad\xde\xe6\xef}C@|\x01\x00\x00\x00\x90\xc8\xf5\xf1[3^\xc0\x10\xad\xde\xe6\xef}C@\xfe',92,FS-1419077,FED,FS-FIRESTAT,FS,USCAENF,Eldorado National Forest,503,Eldorado National Forest,4,2,BV7R,ROBIN,,,,,,2005,2005-06-25,176,905,Human,Debris and open burning,,6/25/2005,176,1332,0.1,A,38.98388889,-120.8025,STATE OR PRIVATE,CA,,,,4.45,0.14,64.2
92,b'\x00\x01\xad\x10\x00\x00\xc0\x10\x13\xb6z\xd8Y\xc0\xd0-6x\xa2\x01F@\xc0\x10\x13\xb6z\xd8Y\xc0\xd0-6x\xa2\x01F@|\x01\x00\x00\x00\xc0\x10\x13\xb6z\xd8Y\xc0\xd0-6x\xa2\x01F@\xfe',93,FS-1419081,FED,FS-FIRESTAT,FS,USSDBKF,Black Hills National Forest,203,Black Hills National Forest,1,PA1,BJ0K,VICTORIA,,,,,,2005,2005-01-02,2,909,Human,Recreation and ceremony,,1/2/2005,2,1010,0.1,A,44.01277778,-103.3825,USFS,SD,103,46103,Pennington County,1.016666667,0.39,22
93,b'\x00\x01\xad\x10\x00\x004ys\xb3\xdd\xadZ\xc0\xd8\xfb\xae\xf1!\x02B@4ys\xb3\xdd\xadZ\xc0\xd8\xfb\xae\xf1!\x02B@|\x01\x00\x00\x004ys\xb3\xdd\xadZ\xc0\xd8\xfb\xae\xf1!\x02B@\xfe',94,FS-1419086,FED,FS-FIRESTAT,FS,USNMSNF,Santa Fe National Forest,310,Santa Fe National Forest,15,1,BEY5,MULLETT,,,,,,2005,2005-05-27,147,1700,Natural,Natural,,5/28/2005,148,1215,0.1,A,36.01666667,-106.7166667,USFS,NM,43,35043,Sandoval County,19.25,0.47,56.6
94,b'\x00\x01\xad\x10\x00\x00\\\xa1\x9fA\x146^\xc0H:\xb4IwOE@\\\xa1\x9fA\x146^\xc0H:\xb4IwOE@|\x01\x00\x00\x00\\\xa1\x9fA\x146^\xc0H:\xb4IwOE@\xfe',95,FS-1419087,FED,FS-FIRESTAT,FS,USORFWF,Fremont-Winema National Forest,602,Fremont-Winema National Forest,5,301,BE0X,SNAG  124,,,,,,2005,2005-06-25,176,950,Natural,Natural,,6/25/2005,176,1545,0.1,A,42.62083333,-120.845,USFS,OR,37,41037,Lake County,5.916666667,0.33,53.6
95,"b'\x00\x01\xad\x10\x00\x00<]\x9eM5u[\xc0H\xca"")v`@@<]\x9eM5u[\xc0H\xca"")v`@@|\x01\x00\x00\x00<]\x9eM5u[\xc0H\xca"")v`@@\xfe'",96,FS-1419088,FED,FS-FIRESTAT,FS,USAZCNF,Coronado National Forest,305,Coronado National Forest,65,3,B0EV,FRY MESA,,,,,,2005,2005-07-14,195,1810,Human,Arson/incendiarism,,7/14/2005,195,1900,0.1,A,32.75361111,-109.8313889,USFS,AZ,9,4009,Graham County,0.8333333333,2.43,78.6
96,b'\x00\x01\xad\x10\x00\x00\xbc3Xs\xcb\xf5]\xc0HU\x08\x88\xa2YC@\xbc3Xs\xcb\xf5]\xc0HU\x08\x88\xa2YC@|\x01\x00\x00\x00\xbc3Xs\xcb\xf5]\xc0HU\x08\x88\xa2YC@\xfe',97,FS-1419089,FED,FS-FIRESTAT,FS,USNVHTF,Humboldt-Toiyabe National Forest,417,Humboldt-Toiyabe National Forest,1,M01,BEZ8,HOT SPRINGS,,,,,,2005,2005-05-06,126,1145,Human,Debris and open burning,,5/9/2005,129,1330,0.1,A,38.70027778,-119.8405556,STATE OR PRIVATE,CA,3,6003,Alpine County,73.75,0.67,57.6
97,b'\x00\x01\xad\x10\x00\x00\xa0\x93\x98\xacY\xdd]\xc0\xd8\x1d\xfb\xc1\x0f:C@\xa0\x93\x98\xacY\xdd]\xc0\xd8\x1d\xfb\xc1\x0f:C@|\x01\x00\x00\x00\xa0\x93\x98\xacY\xdd]\xc0\xd8\x1d\xfb\xc1\x0f:C@\xfe',98,FS-1419090,FED,FS-FIRESTAT,FS,USNVHTF,Humboldt-Toiyabe National Forest,417,Humboldt-Toiyabe National Forest,2,6,BZB0,SHINGLE,,,,,,2005,2005-07-08,189,15,Human,Arson/incendiarism,,7/8/2005,189,45,0.01,A,38.45361111,-119.4586111,USFS,CA,51,6051,Mono County,0.5,0.29,72.3
98,b'\x00\x01\xad\x10\x00\x00\\\xbd\xea\xfe:\xd0Z\xc0P\xb1\xfc)\xb0UB@\\\xbd\xea\xfe:\xd0Z\xc0P\xb1\xfc)\xb0UB@|\x01\x00\x00\x00\\\xbd\xea\xfe:\xd0Z\xc0P\xb1\xfc)\xb0UB@\xfe',99,FS-1419093,FED,FS-FIRESTAT,FS,USNMCAF,Carson National Forest,302,Carson National Forest,64,64,F064,CEDAR SPRINGS,,,,,,2005,2005-06-11,162,1901,Natural,Natural,,6/11/2005,162,2000,0.1,A,36.66944444,-107.2536111,USFS,NM,39,35039,Rio Arriba County,0.9833333333,0.98,65.7
99,b'\x00\x01\xad\x10\x00\x00\xc4\x05j\xa8\x06\xceZ\xc0\x80d\x96Q-pB@\xc4\x05j\xa8\x06\xceZ\xc0\x80d\x96Q-pB@|\x01\x00\x00\x00\xc4\x05j\xa8\x06\xceZ\xc0\x80d\x96Q-pB@\xfe',100,FS-1419095,FED,FS-FIRESTAT,FS,USNMCAF,Carson National Forest,302,Carson National Forest,84,84,F084,BUZZARD,,,,,,2005,2005-06-22,173,1820,Natural,Natural,,6/22/2005,173,2315,0.25,A,36.87638889,-107.2191667,USFS,NM,39,35039,Rio Arriba County,4.916666667,0.98,65.7
100,b'\x00\x01\xad\x10\x00\x00\x80\xf0\\p\xaa\xea\\\xc0\x00\xcb\x04u\xaa:H@\x80\xf0\\p\xaa\xea\\\xc0\x00\xcb\x04u\xaa:H@|\x01\x00\x00\x00\x80\xf0\\p\xaa\xea\\\xc0\x00\xcb\x04u\xaa:H@\xfe',101,FS-1419096,FED,FS-FIRESTAT,FS,USMTKNF,Kootenai National Forest,114,Kootenai National Forest,34,10,BXR6,STRAWBERRY,,,,,,2005,2005-07-02,183,1300,Human,Railroad operations and maintenance,,7/2/2005,183,1435,0.1,A,48.45833333,-115.6666667,USFS,MT,53,30053,Lincoln County,1.583333333,1.24,62.6